# To support this project please visit sec724.com , thank you so much.
216.118.231.178
221.218.140.229
23.102.143.177
23.102.143.191
31.43.185.32
34.106.13.36
34.106.174.219
34.106.220.197
34.125.168.41
34.125.18.79
34.125.253.178
34.127.36.104
34.145.60.192
34.16.139.6
34.162.141.106
34.162.161.204
34.162.188.198
34.162.243.34
34.162.255.220
34.212.159.53
34.91.40.232
36.72.17.46
37.48.112.43
40.71.184.160
45.135.237.154
45.138.16.85
45.144.115.51
45.167.44.208
5.36.181.88
51.83.238.93
64.227.157.162
64.23.185.222
82.115.21.208
85.159.229.61
85.173.126.173
88.249.202.10
89.187.163.201
89.187.163.211
89.187.163.213
91.215.85.11
91.223.3.140
91.92.248.169
91.92.250.136
91.92.255.41
94.156.64.6
94.208.253.43
94.72.114.217
96.9.81.181
